Date,Category,Description,Amount,Payment_Method
2026-01-02,Food,Breakfast,80,UPI
2026-01-03,Travel,Bus,40,Cash
2026-01-04,Education,Books,650,UPI
2026-01-05,Food,Lunch,150,UPI
2026-01-06,Shopping,T-Shirt,799,Card
2026-01-07,Entertainment,Movie,250,UPI
2026-01-08,Travel,Auto,120,Cash
2026-01-10,Food,Dinner,220,UPI
2026-01-11,Bills,Mobile Recharge,299,UPI
2026-01-12,Education,Notebook,120,Cash
2026-01-14,Shopping,Shoes,1499,Card
2026-01-15,Food,Snacks,90,Cash
2026-01-16,Travel,Metro,60,UPI
2026-01-18,Entertainment,OTT Subscription,199,Card
2026-01-20,Food,Lunch,180,UPI
2026-01-21,Health,Medicine,350,UPI
2026-01-22,Travel,Bus,50,Cash
2026-01-24,Shopping,Jeans,999,Card
2026-01-25,Food,Dinner,240,UPI
2026-01-26,Education,Online Course,799,UPI
2026-01-27,Bills,Internet Bill,699,UPI
2026-01-28,Food,Breakfast,70,Cash
2026-01-29,Travel,Auto,100,UPI
2026-01-30,Entertainment,Game,300,Card
2026-01-31,Food,Dinner,210,UPI
2026-02-01,Food,Breakfast,90,UPI
2026-02-02,Travel,Bus,50,Cash
2026-02-03,Education,Stationery,180,UPI
2026-02-05,Shopping,Shirt,699,Card
2026-02-06,Food,Lunch,160,UPI
2026-02-07,Entertainment,Movie,300,UPI
2026-02-09,Travel,Metro,70,UPI
2026-02-10,Bills,Mobile Recharge,299,UPI
2026-02-11,Food,Dinner,250,UPI
2026-02-12,Health,Medicine,450,UPI
2026-02-14,Shopping,Backpack,899,Card
2026-02-15,Food,Snacks,100,Cash
2026-02-17,Travel,Auto,120,Cash
2026-02-18,Education,Books,500,UPI
2026-02-20,Food,Lunch,180,UPI
2026-02-21,Entertainment,Cafe,350,Card
2026-02-23,Bills,Electricity Bill,850,UPI
2026-02-24,Food,Dinner,230,UPI
2026-02-25,Travel,Bus,50,Cash
2026-02-26,Shopping,Watch,1200,Card
2026-02-27,Food,Breakfast,80,UPI
2026-02-28,Education,Online Course,999,UPI
2026-03-01,Food,Breakfast,100,UPI
2026-03-02,Travel,Bus,50,Cash
2026-03-03,Education,Books,750,UPI
2026-03-04,Food,Lunch,170,UPI
2026-03-05,Shopping,Trousers,899,Card
2026-03-06,Entertainment,Movie,300,UPI
2026-03-08,Travel,Auto,130,Cash
2026-03-09,Food,Dinner,260,UPI
2026-03-10,Bills,Mobile Recharge,299,UPI
2026-03-11,Education,Stationery,250,Cash
2026-03-12,Shopping,Headphones,1599,Card
2026-03-14,Food,Snacks,120,UPI
2026-03-15,Travel,Metro,80,UPI
2026-03-17,Entertainment,Cafe,280,Card
2026-03-18,Health,Medicine,300,UPI
2026-03-20,Food,Lunch,190,UPI
2026-03-21,Travel,Bus,50,Cash
2026-03-23,Bills,Internet Bill,699,UPI
2026-03-24,Shopping,Wallet,499,Card
2026-03-25,Food,Dinner,240,UPI
2026-03-27,Education,Course Material,400,UPI
2026-03-29,Food,Breakfast,90,Cash
2026-03-30,Entertainment,Movie,250,UPI
2026-04-01,Food,Breakfast,80,UPI
2026-04-02,Travel,Bus,50,Cash
2026-04-03,Education,Books,600,UPI
2026-04-04,Food,Lunch,180,UPI
2026-04-05,Shopping,Shirt,799,Card
2026-04-06,Entertainment,Movie,300,UPI
2026-04-08,Travel,Auto,110,Cash
2026-04-09,Food,Dinner,250,UPI
2026-04-10,Bills,Mobile Recharge,299,UPI
2026-04-11,Health,Medicine,400,UPI
2026-04-12,Education,Notebook,150,Cash
2026-04-14,Shopping,Shoes,1299,Card
2026-04-15,Food,Snacks,100,UPI
2026-04-16,Travel,Metro,70,UPI
2026-04-18,Entertainment,Cafe,320,Card
2026-04-20,Food,Lunch,190,UPI
2026-04-21,Travel,Bus,50,Cash
2026-04-23,Bills,Electricity Bill,900,UPI
2026-04-24,Shopping,T-Shirt,699,Card
2026-04-25,Food,Dinner,220,UPI
2026-04-27,Education,Online Course,899,UPI
2026-04-29,Food,Breakfast,90,Cash
2026-04-30,Entertainment,Game,250,Card
2026-05-01,Food,Breakfast,100,UPI
2026-05-02,Travel,Bus,50,Cash
2026-05-03,Education,Books,850,UPI
2026-05-04,Food,Lunch,180,UPI
2026-05-05,Shopping,Jeans,1099,Card
2026-05-06,Entertainment,Movie,300,UPI
2026-05-08,Travel,Auto,120,Cash
2026-05-09,Food,Dinner,260,UPI
2026-05-10,Bills,Mobile Recharge,299,UPI
2026-05-11,Health,Medicine,500,UPI
2026-05-12,Education,Stationery,220,Cash
2026-05-14,Shopping,Backpack,999,Card
2026-05-15,Food,Snacks,120,UPI
2026-05-16,Travel,Metro,80,UPI
2026-05-18,Entertainment,Cafe,350,Card
2026-05-20,Food,Lunch,190,UPI
2026-05-21,Travel,Bus,50,Cash
2026-05-23,Bills,Internet Bill,699,UPI
2026-05-24,Shopping,Watch,1499,Card
2026-05-25,Food,Dinner,240,UPI
2026-05-27,Education,Course Material,450,UPI
2026-05-29,Food,Breakfast,90,Cash
2026-05-30,Entertainment,Movie,300,UPI
2026-06-01,Food,Breakfast,90,UPI
2026-06-02,Travel,Bus,50,Cash
2026-06-03,Education,Books,700,UPI
2026-06-04,Food,Lunch,170,UPI
2026-06-05,Shopping,T-Shirt,749,Card
2026-06-06,Entertainment,Movie,280,UPI
2026-06-08,Travel,Auto,130,Cash
2026-06-09,Food,Dinner,250,UPI
2026-06-10,Bills,Mobile Recharge,299,UPI
2026-06-11,Health,Medicine,350,UPI
2026-06-12,Education,Notebook,160,Cash
2026-06-14,Shopping,Shoes,1399,Card
2026-06-15,Food,Snacks,100,UPI
2026-06-16,Travel,Metro,80,UPI
2026-06-18,Entertainment,Cafe,300,Card
2026-06-20,Food,Lunch,180,UPI
2026-06-21,Travel,Bus,50,Cash
2026-06-23,Bills,Electricity Bill,850,UPI
2026-06-24,Shopping,Wallet,450,Card
2026-06-25,Food,Dinner,230,UPI
2026-06-27,Education,Online Course,799,UPI
2026-06-29,Food,Breakfast,80,Cash
2026-06-30,Entertainment,Game,200,Card
2026-07-01,Food,Breakfast,90,UPI
2026-07-02,Travel,Bus,50,Cash
2026-07-03,Education,Books,650,UPI
2026-07-04,Food,Lunch,180,UPI
2026-07-05,Shopping,Shirt,799,Card
2026-07-06,Entertainment,Movie,300,UPI
2026-07-08,Travel,Auto,120,Cash
2026-07-09,Food,Dinner,250,UPI
2026-07-10,Bills,Mobile Recharge,299,UPI
2026-07-11,Health,Medicine,400,UPI
2026-07-12,Education,Stationery,200,Cash
2026-07-14,Shopping,Jeans,999,Card
2026-07-15,Food,Snacks,110,UPI
2026-07-16,Travel,Metro,70,UPI
2026-07-18,Entertainment,Cafe,320,Card
2026-07-20,Food,Lunch,190,UPI
2026-07-21,Travel,Bus,50,Cash
2026-07-23,Bills,Internet Bill,699,UPI
2026-07-24,Shopping,Headphones,1499,Card
2026-07-25,Food,Dinner,240,UPI
2026-07-27,Education,Course Material,400,UPI
2026-07-29,Food,Breakfast,90,Cash
2026-07-30,Entertainment,Movie,250,UPI
2026-08-01,Food,Breakfast,100,UPI
2026-08-02,Travel,Bus,50,Cash
2026-08-03,Education,Books,800,UPI
2026-08-04,Food,Lunch,180,UPI
2026-08-05,Shopping,T-Shirt,799,Card
2026-08-06,Entertainment,Movie,300,UPI
2026-08-08,Travel,Auto,120,Cash
2026-08-09,Food,Dinner,260,UPI
2026-08-10,Bills,Mobile Recharge,299,UPI
2026-08-11,Health,Medicine,450,UPI
2026-08-12,Education,Notebook,180,Cash
2026-08-14,Shopping,Shoes,1399,Card
2026-08-15,Food,Snacks,120,UPI
2026-08-16,Travel,Metro,80,UPI
2026-08-18,Entertainment,Cafe,350,Card
2026-08-20,Food,Lunch,190,UPI
2026-08-21,Travel,Bus,50,Cash
2026-08-23,Bills,Electricity Bill,900,UPI
2026-08-24,Shopping,Watch,1299,Card
2026-08-25,Food,Dinner,240,UPI
2026-08-27,Education,Online Course,899,UPI
2026-08-29,Food,Breakfast,90,Cash
2026-08-30,Entertainment,Game,250,Card
2026-09-01,Food,Breakfast,90,UPI
2026-09-02,Travel,Bus,50,Cash
2026-09-03,Education,Books,700,UPI
2026-09-04,Food,Lunch,180,UPI
2026-09-05,Shopping,Shirt,799,Card
2026-09-06,Entertainment,Movie,300,UPI
2026-09-08,Travel,Auto,120,Cash
2026-09-09,Food,Dinner,250,UPI
2026-09-10,Bills,Mobile Recharge,299,UPI
2026-09-11,Health,Medicine,350,UPI
2026-09-12,Education,Stationery,200,Cash
2026-09-13,Shopping,Jeans,999,Card
2026-09-14,Food,Snacks,110,UPI
2026-09-15,Travel,Metro,70,UPI